pok1img-2329.0	99
pok1img-3899.0	66
pok1img-3080.0	53
pok1img-2067.0	52
pok1img-2330.0	51
pok1img-2068.0	45
pok1img-2065.0	37
pok1img-3752.0	32
pok1img-2066.0	31
pok1img-3392.0	29
pok1img-3480.0	24
pok1img-3393.0	24
pok1img-3388.0	22
pok1img-2327.0	21
pok1img-2115.0	20
pok1img-7223.0	20
pok1img-8160.0	20
pok1img-2752.0	19
pok1img-8098.0	16
pok1img-5419.0	15
pok1img-5110.0	15
pok1img-5665.0	14
pok1img-2759.0	14
pok1img-2611.0	14
pok1img-8161.0	14
pok1img-3890.0	13
pok1img-8159.0	13
pok1img-1443.0	12
pok1img-1983.0	12
pok1img-4733.0	12
pok1img-525.0	11
pok1img-8037.0	11
pok1img-8103.0	11
pok1img-8162.0	11
pok1img-8195.0	11
pok1img-2405.0	10
pok1img-2467.0	10
pok1img-7383.0	10
pok1img-8132.0	10
pok1img-4204.0	9
pok1img-5058.0	9
pok1img-6861.0	9
pok1img-8134.0	9
pok1img-8165.0	9
pok1img-2433.0	8
pok1img-5833.0	8
pok1img-7830.0	8
pok1img-7831.0	8
pok1img-7909.0	8
pok1img-8097.0	8
pok1img-8131.0	8
pok1img-8164.0	8
pok1img-3420.0	7
pok1img-524.0	7
pok1img-7075.0	7
pok1img-7989.0	7
pok1img-7993.0	7
pok1img-8094.0	7
pok1img-1369.0	6
pok1img-1450.0	6
pok1img-3417.0	6
pok1img-3737.0	6
pok1img-508.0	6
pok1img-5679.0	6
pok1img-5887.0	6
pok1img-6633.0	6
pok1img-6914.0	6
pok1img-7119.0	6
pok1img-7815.0	6
pok1img-8140.0	6
pok1img-8187.0	6
pok1img-1776.0	5
pok1img-1941.0	5
pok1img-2535.0	5
pok1img-2614.0	5
pok1img-2770.0	5
pok1img-2860.0	5
pok1img-3834.0	5
pok1img-5698.0	5
pok1img-5893.0	5
pok1img-6194.0	5
pok1img-6208.0	5
pok1img-7357.0	5
pok1img-8036.0	5
pok1img-2134.0	4
pok1img-2555.0	4
pok1img-2853.0	4
pok1img-2854.0	4
pok1img-2978.0	4
pok1img-3416.0	4
pok1img-3874.0	4
pok1img-4201.0	4
pok1img-4363.0	4
pok1img-5325.0	4
pok1img-5458.0	4
pok1img-5587.0	4
pok1img-5757.0	4
pok1img-6438.0	4
pok1img-7591.0	4
pok1img-7679.0	4
pok1img-7782.0	4
pok1img-7825.0	4
pok1img-7926.0	4
pok1img-7952.0	4
pok1img-7990.0	4
pok1img-8014.0	4
pok1img-8085.0	4
pok1img-8099.0	4
pok1img-8100.0	4
pok1img-8105.0	4
pok1img-8128.0	4
pok1img-8133.0	4
pok1img-8145.0	4
pok1img-8152.0	4
pok1img-8191.0	4
pok1img-1371.0	3
pok1img-1449.0	3
pok1img-2011.0	3
pok1img-2204.0	3
pok1img-2230.0	3
pok1img-2364.0	3
pok1img-2406.0	3
pok1img-2688.0	3
pok1img-2701.0	3
pok1img-2714.0	3
pok1img-2859.0	3
pok1img-2885.0	3
pok1img-3038.0	3
pok1img-3463.0	3
pok1img-3465.0	3
pok1img-3755.0	3
pok1img-3887.0	3
pok1img-4253.0	3
pok1img-4499.0	3
pok1img-4961.0	3
pok1img-5165.0	3
pok1img-5372.0	3
pok1img-5794.0	3
pok1img-5804.0	3
pok1img-6286.0	3
pok1img-6821.0	3
pok1img-7070.0	3
pok1img-7521.0	3
pok1img-7570.0	3
pok1img-7588.0	3
pok1img-7665.0	3
pok1img-7690.0	3
pok1img-7709.0	3
pok1img-7780.0	3
pok1img-7783.0	3
pok1img-7827.0	3
pok1img-7845.0	3
pok1img-7886.0	3
pok1img-7949.0	3
pok1img-7950.0	3
pok1img-7991.0	3
pok1img-8064.0	3
pok1img-8141.0	3
pok1img-8144.0	3
pok1img-8192.0	3
pok1img-8194.0	3
pok1img-8197.0	3
pok1img-8198.0	3
pok1img-8208.0	3
pok1img-1373.0	2
pok1img-1456.0	2
pok1img-1457.0	2
pok1img-1573.0	2
pok1img-1944.0	2
pok1img-2054.0	2
pok1img-2187.0	2
pok1img-2203.0	2
pok1img-2260.0	2
pok1img-2393.0	2
pok1img-2404.0	2
pok1img-2425.0	2
pok1img-2490.0	2
pok1img-2566.0	2
pok1img-2699.0	2
pok1img-2746.0	2
pok1img-2935.0	2
pok1img-3030.0	2
pok1img-3032.0	2
pok1img-3037.0	2
pok1img-3039.0	2
pok1img-3054.0	2
pok1img-3235.0	2
pok1img-3245.0	2
pok1img-3295.0	2
pok1img-3630.0	2
pok1img-3726.0	2
pok1img-3861.0	2
pok1img-3886.0	2
pok1img-3999.0	2
pok1img-4128.0	2
pok1img-4194.0	2
pok1img-4287.0	2
pok1img-4751.0	2
pok1img-4918.0	2
pok1img-5102.0	2
pok1img-5320.0	2
pok1img-5365.0	2
pok1img-5428.0	2
pok1img-5488.0	2
pok1img-5689.0	2
pok1img-5699.0	2
pok1img-5749.0	2
pok1img-5798.0	2
pok1img-5874.0	2
pok1img-5895.0	2
pok1img-6203.0	2
pok1img-6209.0	2
pok1img-6251.0	2
pok1img-6265.0	2
pok1img-6278.0	2
pok1img-634.0	2
pok1img-6347.0	2
pok1img-6423.0	2
pok1img-6820.0	2
pok1img-6892.0	2
pok1img-7012.0	2
pok1img-7131.0	2
pok1img-7249.0	2
pok1img-7250.0	2
pok1img-7307.0	2
pok1img-7364.0	2
pok1img-7382.0	2
pok1img-7389.0	2
pok1img-7437.0	2
pok1img-7513.0	2
pok1img-7532.0	2
pok1img-762.0	2
pok1img-7642.0	2
pok1img-7667.0	2
pok1img-7674.0	2
pok1img-7675.0	2
pok1img-7693.0	2
pok1img-7696.0	2
pok1img-7740.0	2
pok1img-7785.0	2
pok1img-7791.0	2
pok1img-7816.0	2
pok1img-7826.0	2
pok1img-7828.0	2
pok1img-7832.0	2
pok1img-784.0	2
pok1img-7846.0	2
pok1img-7903.0	2
pok1img-7904.0	2
pok1img-7920.0	2
pok1img-7922.0	2
pok1img-7943.0	2
pok1img-7954.0	2
pok1img-7994.0	2
pok1img-7995.0	2
pok1img-8004.0	2
pok1img-8017.0	2
pok1img-8045.0	2
pok1img-8079.0	2
pok1img-8088.0	2
pok1img-8090.0	2
pok1img-8091.0	2
pok1img-8117.0	2
pok1img-8143.0	2
pok1img-8147.0	2
pok1img-8153.0	2
pok1img-8154.0	2
pok1img-8156.0	2
pok1img-8180.0	2
pok1img-8181.0	2
pok1img-8190.0	2
pok1img-8203.0	2
pok1img-1354.0	1
pok1img-1389.0	1
pok1img-1391.0	1
pok1img-1478.0	1
pok1img-1507.0	1
pok1img-1511.0	1
pok1img-1540.0	1
pok1img-1594.0	1
pok1img-1599.0	1
pok1img-1692.0	1
pok1img-1816.0	1
pok1img-1908.0	1
pok1img-1998.0	1
pok1img-2017.0	1
pok1img-2020.0	1
pok1img-2024.0	1
pok1img-2026.0	1
pok1img-2033.0	1
pok1img-2043.0	1
pok1img-2044.0	1
pok1img-2063.0	1
pok1img-2064.0	1
pok1img-2074.0	1
pok1img-2096.0	1
pok1img-2124.0	1
pok1img-2131.0	1
pok1img-2164.0	1
pok1img-2167.0	1
pok1img-2177.0	1
pok1img-2304.0	1
pok1img-2308.0	1
pok1img-2336.0	1
pok1img-2357.0	1
pok1img-2384.0	1
pok1img-2412.0	1
pok1img-2465.0	1
pok1img-2521.0	1
pok1img-2524.0	1
pok1img-2532.0	1
pok1img-2573.0	1
pok1img-2588.0	1
pok1img-2604.0	1
pok1img-2605.0	1
pok1img-2633.0	1
pok1img-2643.0	1
pok1img-2645.0	1
pok1img-2653.0	1
pok1img-2683.0	1
pok1img-2700.0	1
pok1img-2708.0	1
pok1img-2712.0	1
pok1img-2737.0	1
pok1img-2745.0	1
pok1img-2774.0	1
pok1img-2782.0	1
pok1img-2847.0	1
pok1img-2871.0	1
pok1img-2928.0	1
pok1img-3006.0	1
pok1img-3017.0	1
pok1img-3029.0	1
pok1img-3033.0	1
pok1img-3045.0	1
pok1img-3046.0	1
pok1img-3061.0	1
pok1img-3104.0	1
pok1img-3115.0	1
pok1img-3140.0	1
pok1img-3426.0	1
pok1img-3434.0	1
pok1img-3435.0	1
pok1img-3436.0	1
pok1img-3559.0	1
pok1img-3579.0	1
pok1img-3581.0	1
pok1img-3589.0	1
pok1img-3632.0	1
pok1img-3689.0	1
pok1img-3728.0	1
pok1img-3729.0	1
pok1img-3730.0	1
pok1img-3738.0	1
pok1img-3749.0	1
pok1img-3750.0	1
pok1img-3766.0	1
pok1img-3770.0	1
pok1img-3772.0	1
pok1img-3783.0	1
pok1img-3789.0	1
pok1img-3862.0	1
pok1img-3891.0	1
pok1img-3929.0	1
pok1img-3934.0	1
pok1img-3955.0	1
pok1img-3997.0	1
pok1img-4021.0	1
pok1img-4029.0	1
pok1img-4069.0	1
pok1img-4070.0	1
pok1img-4163.0	1
pok1img-4193.0	1
pok1img-4196.0	1
pok1img-4197.0	1
pok1img-4257.0	1
pok1img-4293.0	1
pok1img-4310.0	1
pok1img-4319.0	1
pok1img-4321.0	1
pok1img-4333.0	1
pok1img-4342.0	1
pok1img-4343.0	1
pok1img-4345.0	1
pok1img-4346.0	1
pok1img-4347.0	1
pok1img-4348.0	1
pok1img-4349.0	1
pok1img-4353.0	1
pok1img-4355.0	1
pok1img-4357.0	1
pok1img-4358.0	1
pok1img-4368.0	1
pok1img-4400.0	1
pok1img-4402.0	1
pok1img-4403.0	1
pok1img-4404.0	1
pok1img-4405.0	1
pok1img-4407.0	1
pok1img-4474.0	1
pok1img-4534.0	1
pok1img-4540.0	1
pok1img-4579.0	1
pok1img-4591.0	1
pok1img-4638.0	1
pok1img-4744.0	1
pok1img-4747.0	1
pok1img-4750.0	1
pok1img-4757.0	1
pok1img-4758.0	1
pok1img-4780.0	1
pok1img-4819.0	1
pok1img-4882.0	1
pok1img-4891.0	1
pok1img-4934.0	1
pok1img-4937.0	1
pok1img-4942.0	1
pok1img-4943.0	1
pok1img-4947.0	1
pok1img-4992.0	1
pok1img-5042.0	1
pok1img-5057.0	1
pok1img-5071.0	1
pok1img-5083.0	1
pok1img-5150.0	1
pok1img-5163.0	1
pok1img-5208.0	1
pok1img-5209.0	1
pok1img-5299.0	1
pok1img-5323.0	1
pok1img-5457.0	1
pok1img-5482.0	1
pok1img-5534.0	1
pok1img-5631.0	1
pok1img-5653.0	1
pok1img-5683.0	1
pok1img-5719.0	1
pok1img-5751.0	1
pok1img-5795.0	1
pok1img-5803.0	1
pok1img-5807.0	1
pok1img-5815.0	1
pok1img-5820.0	1
pok1img-5835.0	1
pok1img-5847.0	1
pok1img-5857.0	1
pok1img-5875.0	1
pok1img-5886.0	1
pok1img-5894.0	1
pok1img-5909.0	1
pok1img-5916.0	1
pok1img-5924.0	1
pok1img-5940.0	1
pok1img-5975.0	1
pok1img-6099.0	1
pok1img-6137.0	1
pok1img-6148.0	1
pok1img-6158.0	1
pok1img-6170.0	1
pok1img-6220.0	1
pok1img-6243.0	1
pok1img-6260.0	1
pok1img-6271.0	1
pok1img-631.0	1
pok1img-6359.0	1
pok1img-6365.0	1
pok1img-6391.0	1
pok1img-6426.0	1
pok1img-6496.0	1
pok1img-652.0	1
pok1img-6530.0	1
pok1img-6558.0	1
pok1img-6637.0	1
pok1img-6670.0	1
pok1img-6673.0	1
pok1img-668.0	1
pok1img-6812.0	1
pok1img-6936.0	1
pok1img-6938.0	1
pok1img-6965.0	1
pok1img-7033.0	1
pok1img-7074.0	1
pok1img-708.0	1
pok1img-710.0	1
pok1img-7117.0	1
pok1img-7163.0	1
pok1img-7210.0	1
pok1img-7283.0	1
pok1img-7298.0	1
pok1img-7342.0	1
pok1img-7385.0	1
pok1img-7386.0	1
pok1img-7404.0	1
pok1img-7441.0	1
pok1img-7477.0	1
pok1img-7480.0	1
pok1img-7483.0	1
pok1img-7517.0	1
pok1img-7534.0	1
pok1img-7552.0	1
pok1img-7602.0	1
pok1img-763.0	1
pok1img-7636.0	1
pok1img-7644.0	1
pok1img-7673.0	1
pok1img-7676.0	1
pok1img-7700.0	1
pok1img-7713.0	1
pok1img-7751.0	1
pok1img-7763.0	1
pok1img-7766.0	1
pok1img-7793.0	1
pok1img-7837.0	1
pok1img-7855.0	1
pok1img-7858.0	1
pok1img-7862.0	1
pok1img-7871.0	1
pok1img-7877.0	1
pok1img-7887.0	1
pok1img-7888.0	1
pok1img-7895.0	1
pok1img-7897.0	1
pok1img-7898.0	1
pok1img-7900.0	1
pok1img-7911.0	1
pok1img-7916.0	1
pok1img-7917.0	1
pok1img-7925.0	1
pok1img-7932.0	1
pok1img-7948.0	1
pok1img-7958.0	1
pok1img-7962.0	1
pok1img-7964.0	1
pok1img-7969.0	1
pok1img-7979.0	1
pok1img-7980.0	1
pok1img-7982.0	1
pok1img-7985.0	1
pok1img-7999.0	1
pok1img-8000.0	1
pok1img-8011.0	1
pok1img-8016.0	1
pok1img-8020.0	1
pok1img-8023.0	1
pok1img-8026.0	1
pok1img-8032.0	1
pok1img-8034.0	1
pok1img-8038.0	1
pok1img-8039.0	1
pok1img-8041.0	1
pok1img-8043.0	1
pok1img-8046.0	1
pok1img-8047.0	1
pok1img-8082.0	1
pok1img-8089.0	1
pok1img-811.0	1
pok1img-8110.0	1
pok1img-8155.0	1
pok1img-8158.0	1
pok1img-8172.0	1
pok1img-8176.0	1
pok1img-8178.0	1
pok1img-8183.0	1
pok1img-8184.0	1
pok1img-8188.0	1
pok1img-8189.0	1
pok1img-8196.0	1
pok1img-8200.0	1
pok1img-8207.0	1
pok1img-8210.0	1
pok1img-8211.0	1
pok1img-942.0	1
